snp-dists 0.7.0,BC17A419A,BC17A507A,BC18A454A,BC19A403A,BC19A642A,BC19A658A,BC19A659A,BC19A660A,BC19A661A,BC20A785A,BC20A976A,BC20B067A,BC21A022A,BC21A166A,BC21A475A,Reference
BC17A419A,0,12,5,4,63,64,62,62,63,63,8,64,61,10,61,0
BC17A507A,12,0,11,10,73,74,72,72,73,73,14,74,71,16,71,12
BC18A454A,5,11,0,3,66,67,65,65,66,66,3,67,64,5,64,5
BC19A403A,4,10,3,0,65,66,64,64,65,65,6,66,63,8,63,4
BC19A642A,63,73,66,65,0,3,5,1,0,2,69,3,16,71,16,63
BC19A658A,64,74,67,66,3,0,6,2,3,3,70,4,17,72,17,64
BC19A659A,62,72,65,64,5,6,0,4,5,5,68,6,15,70,15,62
BC19A660A,62,72,65,64,1,2,4,0,1,1,68,2,15,70,15,62
BC19A661A,63,73,66,65,0,3,5,1,0,2,69,3,16,71,16,63
BC20A785A,63,73,66,65,2,3,5,1,2,0,69,3,16,71,16,63
BC20A976A,8,14,3,6,69,70,68,68,69,69,0,70,67,8,67,8
BC20B067A,64,74,67,66,3,4,6,2,3,3,70,0,17,72,17,64
BC21A022A,61,71,64,63,16,17,15,15,16,16,67,17,0,69,2,61
BC21A166A,10,16,5,8,71,72,70,70,71,71,8,72,69,0,69,10
BC21A475A,61,71,64,63,16,17,15,15,16,16,67,17,2,69,0,61
Reference,0,12,5,4,63,64,62,62,63,63,8,64,61,10,61,0
